{"cameraMode":{"drawMode":0,"name":"Shaded","section":"Shading Mode"},"sceneLighting":true,"audioPlay":false,"sceneViewState":{"m_AlwaysRefresh":false,"showFog":true,"showSkybox":true,"showFlares":true,"showImageEffects":true,"showParticleSystems":true,"showVisualEffectGraphs":true,"m_FxEnabled":false},"in2DMode":false,"pivot":{"x":12.027107238769532,"y":12.037933349609375,"z":-11.705657958984375},"rotation":{"x":-0.19200292229652406,"y":0.5862962007522583,"z":-0.14552907645702363,"w":-0.7734813690185547},"size":0.8660253882408142,"orthographic":false}